<!--
 * ********************************************************************
 * Copyright (c) 1999,2012, Centre National d'Etudes Spatiales (CNES)
 * All rights reserved. This program and the accompanying materials are
 * made available under the terms of the Eclipse Public License v1.0
 * which accompanies this distribution, and is available at
 * http://www.eclipse.org/legal/epl-v10.html
 * Contributors:
 * TMA LID Team (CS) - initial tool, implementation and documentation
 * ********************************************************************
 *
 * $Id$
 *
 * HISTORIQUE
 *
 * VERSION : 2.0 : DM : XTCECHECKER/FT/2 : 29/11/2014: update to use IF-345 v5.0
 *
 * FIN-HISTORIQUE
 -->
<configuration>
<!--  evite les messages de log de logback pendant son initialisation -->
<statusListener class="ch.qos.logback.core.status.NopStatusListener" />
<appender name="STDOUT_DEBUG" class="ch.qos.logback.core.ConsoleAppender">
    <!-- encoders are assigned the type
         ch.qos.logback.classic.encoder.PatternLayoutEncoder by default -->
    <encoder>
      <pattern>%d{HH:mm:ss.SSS} [%thread] %-5level %logger{36} %file:%line - %msg%n</pattern>
    </encoder>
  </appender>
<appender name="STDOUT_USER" class="ch.qos.logback.core.ConsoleAppender">
    <!-- encoders are assigned the type
         ch.qos.logback.classic.encoder.PatternLayoutEncoder by default -->
    <encoder>
      <pattern>%d{HH:mm:ss} - %msg%n</pattern>
    </encoder>
  </appender>

  <appender name="REPORT_FILE" class="ch.qos.logback.core.rolling.RollingFileAppender">
    <!-- "application-name" is a variable -->
    <File>c:/logs/xtceChecker.log</File>
    <layout class="ch.qos.logback.classic.PatternLayout">
      <Pattern>%d %p %t %c - %m%n</Pattern>
    </layout>
    <rollingPolicy class="ch.qos.logback.core.rolling.TimeBasedRollingPolicy">
            <fileNamePattern>log/mylog-%d{yyyy-MM-dd}.%i.txt</fileNamePattern>
            <timeBasedFileNamingAndTriggeringPolicy class="ch.qos.logback.core.rolling.SizeAndTimeBasedFNATP">
                <maxFileSize>1000KB</maxFileSize>
            </timeBasedFileNamingAndTriggeringPolicy>
        </rollingPolicy>
  </appender>
      <!-- additivity=false ensures analytics data only goes to the analytics log -->
    <logger name="stdout" level="DEBUG" additivity="false">
        <appender-ref ref="STDOUT_USER"/>
    </logger>
  <root level="debug">
    <!-- <appender-ref ref="REPORT_FILE"/> -->
   <!--  <appender-ref ref="STDOUT_DEBUG" /> -->
  </root>
</configuration> 